{
  "actionButtons": {
    "defaultColor": "white",
    "commands": [
      {
        "cwd": "/home/coder/project/",
        "name": "Build Code (Part 1)",
        "color": "white",
        "singleInstance": true,
        "command": "make clean build"
      },
      {
        "cwd": "/home/coder/project/",
        "name": "Run and Log Attempts (Part 2)",
        "color": "white",
        "singleInstance": true,
        "command": "./run.sh"
      },
      {
        "cwd": "/home/coder/project/",
        "name": "Validate Output (Optional Part 3)",
        "color": "white",
        "singleInstance": true,
        "command": "python3 validate_output.py data_search"
      },
      {
        "cwd": "/home/coder/.local/share/code-server/User/coursera/",
        "name": "Submit Assignment (Part 4)",
        "color": "white",
        "singleInstance": true,
        "command": "python3 submit.py simple-search-attempt-1,simple-search-attempt-2,complex-search-attempt-1,complex-search-attempt-2,extra-credit-input-file-attempt"
      }
    ]
  }
}